V (mL),P (kPa)
5.0,187.264149279
7.5,127.235048308
10.0,96.0892783506
12.5,77.7805444
15.0,65.5392603409
17.5,55.81928363
20.0,49.0780666554
