mu (kg/m),v (m/s)
0.0013,39.480
0.000102,138.000
0.000659,56.070
0.000156,110.000
0.000325,74.375
